time,avg_energy
0,10.0
1,10.039244206504465
2,10.060792215796095
3,10.070282598413366
4,10.05596691238656
5,10.031375853421924
6,10.115123766053948
7,10.1082728929392
8,10.167463198433358
9,10.246906618895785
10,10.242497880729916
11,10.099350985786167
12,10.082333774318151
13,10.032919124968322
14,10.089876769183416
15,10.111283798438476
16,10.11287997764822
17,10.145730857694744
18,10.160014859850364
19,10.17575947532709
