feature,importance
acetate,0.3996166677107365
species_A,0.27246960775439955
butyrate,0.19186170639109432
species_B,0.11022439572075983
propionate,0.017039713639572584
species_C,0.008787908783437139
