feature,importance
species_A,0.25795331456550336
species_B,0.21034747038700505
acetate,0.1862633399719948
propionate,0.16862659010255848
butyrate,0.1363924335497218
species_C,0.040416851423216674
